<?xml version = '1.0' encoding = 'UTF-8'?>
<Relation class="oracle.dbtools.crest.model.design.logical.Relation" name="Relation_5" directorySegmentName="seg_0" id="15588ED7-450A-D804-B1D0-C95223FC87AD">
<createdBy>lilianatapia</createdBy>
<createdTime>2024-10-04 21:49:35 UTC</createdTime>
<ownerDesignName>EXAMEN_LILIANA_TAPIA</ownerDesignName>
<engineerTo>
<item key="E54F38FA-4427-6489-67F2-71523E41A6C2" value="true"/>
</engineerTo>
<sourcePk>80B0F719-E733-7969-C835-EE55615F5BB2</sourcePk>
<targetPk>F40E5CA4-3CBD-AD64-3C0F-AC217E504354</targetPk>
<identifying>false</identifying>
<optionalSource>false</optionalSource>
<optionalTarget>false</optionalTarget>
<sourceCardinality>*</sourceCardinality>
<sourceEntity>0AD890A2-F54E-4511-92AA-95B113513B41</sourceEntity>
<targetCardinalityString>1</targetCardinalityString>
<targetEntity>12A3173B-4077-92E1-F317-FA402DCCD0D6</targetEntity>
<transferable>true</transferable>
<deleteRule>NO ACTION</deleteRule>
</Relation>