<?xml version = '1.0' encoding = 'UTF-8'?>
<Relation class="oracle.dbtools.crest.model.design.logical.Relation" name="Relation_9" directorySegmentName="seg_0" id="51BD89EA-3D1B-9918-3E59-BB95513AC977">
<createdBy>lilianatapia</createdBy>
<createdTime>2024-10-04 23:09:21 UTC</createdTime>
<ownerDesignName>EXAMEN_LILIANA_TAPIA</ownerDesignName>
<engineerTo>
<item key="F08CE235-7251-8F1E-632D-E5B921E54FE0" value="true"/>
</engineerTo>
<sourcePk>0FBE6C89-26A7-68EA-49A9-C335FAC111A2</sourcePk>
<identifying>false</identifying>
<optionalSource>false</optionalSource>
<optionalTarget>false</optionalTarget>
<sourceCardinality>1</sourceCardinality>
<sourceEntity>8760BE60-D112-8DB6-5E0E-D581D2295892</sourceEntity>
<targetCardinalityString>*</targetCardinalityString>
<targetEntity>8054966E-4EBE-BFAF-E1C8-30E73968E9A7</targetEntity>
<transferable>true</transferable>
<deleteRule>NO ACTION</deleteRule>
</Relation>