<?xml version = '1.0' encoding = 'UTF-8'?>
<Relation class="oracle.dbtools.crest.model.design.logical.Relation" name="Relation_8" directorySegmentName="seg_0" id="83AD4A2C-5B49-A49C-1C11-E707BF0FA44A">
<createdBy>lilianatapia</createdBy>
<createdTime>2024-10-04 23:08:07 UTC</createdTime>
<ownerDesignName>EXAMEN_LILIANA_TAPIA</ownerDesignName>
<engineerTo>
<item key="F08CE235-7251-8F1E-632D-E5B921E54FE0" value="true"/>
</engineerTo>
<sourcePk>0FBE6C89-26A7-68EA-49A9-C335FAC111A2</sourcePk>
<targetPk>59FA27B3-4017-DD27-7D80-469E4AE00527</targetPk>
<identifying>false</identifying>
<optionalSource>false</optionalSource>
<optionalTarget>false</optionalTarget>
<sourceCardinality>*</sourceCardinality>
<sourceEntity>8760BE60-D112-8DB6-5E0E-D581D2295892</sourceEntity>
<targetCardinalityString>1</targetCardinalityString>
<targetEntity>CA4D6909-C2F7-6969-77F9-03DD99D737C7</targetEntity>
<transferable>true</transferable>
<deleteRule>NO ACTION</deleteRule>
</Relation>