<?xml version = '1.0' encoding = 'UTF-8'?>
<Relation class="oracle.dbtools.crest.model.design.logical.Relation" name="Relation_7" directorySegmentName="seg_0" id="84C24D71-5B87-FA7E-A572-26E8FA39C617">
<createdBy>lilianatapia</createdBy>
<createdTime>2024-10-04 21:50:20 UTC</createdTime>
<ownerDesignName>EXAMEN_LILIANA_TAPIA</ownerDesignName>
<engineerTo>
<item key="E54F38FA-4427-6489-67F2-71523E41A6C2" value="true"/>
</engineerTo>
<sourcePk>80B0F719-E733-7969-C835-EE55615F5BB2</sourcePk>
<targetPk>0FBE6C89-26A7-68EA-49A9-C335FAC111A2</targetPk>
<identifying>false</identifying>
<optionalSource>false</optionalSource>
<optionalTarget>false</optionalTarget>
<sourceCardinality>*</sourceCardinality>
<sourceEntity>0AD890A2-F54E-4511-92AA-95B113513B41</sourceEntity>
<targetCardinalityString>1</targetCardinalityString>
<targetEntity>8760BE60-D112-8DB6-5E0E-D581D2295892</targetEntity>
<transferable>true</transferable>
<deleteRule>NO ACTION</deleteRule>
</Relation>