<?xml version = '1.0' encoding = 'UTF-8'?>
<Relation class="oracle.dbtools.crest.model.design.logical.Relation" name="Relation_4" directorySegmentName="seg_0" id="C1F25A1E-5135-8B78-270C-4743E5810FA6">
<createdBy>lilianatapia</createdBy>
<createdTime>2024-10-03 21:36:39 UTC</createdTime>
<ownerDesignName>EXAMEN_LILIANA_TAPIA</ownerDesignName>
<engineerTo>
<item key="8C2ACF93-715A-8E8F-4DEC-901A478E4604" value="true"/>
</engineerTo>
<sourcePk>0FBE6C89-26A7-68EA-49A9-C335FAC111A2</sourcePk>
<targetPk>47D4A6A4-7AB7-B684-FF9F-EC1EFC34A954</targetPk>
<identifying>false</identifying>
<optionalSource>false</optionalSource>
<optionalTarget>false</optionalTarget>
<sourceCardinality>1</sourceCardinality>
<sourceEntity>8760BE60-D112-8DB6-5E0E-D581D2295892</sourceEntity>
<targetCardinalityString>1</targetCardinalityString>
<targetEntity>E4A586A6-7EF5-8CBC-C815-C016B5C9FD09</targetEntity>
<transferable>true</transferable>
<deleteRule>NO ACTION</deleteRule>
</Relation>