<?xml version = '1.0' encoding = 'UTF-8'?>
<Relation class="oracle.dbtools.crest.model.design.logical.Relation" name="Relation_6" directorySegmentName="seg_0" id="ED16D6C4-DAD8-14E9-E4E4-FEB0B4D4E1EA">
<createdBy>lilianatapia</createdBy>
<createdTime>2024-10-03 21:46:16 UTC</createdTime>
<ownerDesignName>EXAMEN_LILIANA_TAPIA</ownerDesignName>
<engineerTo>
<item key="E54F38FA-4427-6489-67F2-71523E41A6C2" value="true"/>
</engineerTo>
<sourcePk>FC8CE621-0606-2EAC-7C96-3F2460D4C15B</sourcePk>
<identifying>false</identifying>
<nameOnSource>Puede estar asociada</nameOnSource>
<nameOnTarget>Pertenece</nameOnTarget>
<optionalSource>true</optionalSource>
<optionalTarget>false</optionalTarget>
<sourceCardinality>1</sourceCardinality>
<sourceEntity>87F90ECB-D315-5763-0DF2-4FB214A7C7C0</sourceEntity>
<targetCardinalityString>*</targetCardinalityString>
<targetEntity>8760BE60-D112-8DB6-5E0E-D581D2295892</targetEntity>
<transferable>true</transferable>
<deleteRule>NO ACTION</deleteRule>
</Relation>