<?xml version = '1.0' encoding = 'UTF-8'?>
<Relation class="oracle.dbtools.crest.model.design.logical.Relation" name="Relation_10" directorySegmentName="seg_0" id="EE14996E-3014-DE23-DD28-56907BB989AA">
<createdBy>lilianatapia</createdBy>
<createdTime>2024-10-04 23:17:06 UTC</createdTime>
<ownerDesignName>EXAMEN_LILIANA_TAPIA</ownerDesignName>
<engineerTo>
<item key="F08CE235-7251-8F1E-632D-E5B921E54FE0" value="true"/>
</engineerTo>
<sourcePk>47D4A6A4-7AB7-B684-FF9F-EC1EFC34A954</sourcePk>
<identifying>false</identifying>
<optionalSource>true</optionalSource>
<optionalTarget>false</optionalTarget>
<sourceCardinality>1</sourceCardinality>
<sourceEntity>E4A586A6-7EF5-8CBC-C815-C016B5C9FD09</sourceEntity>
<targetCardinalityString>*</targetCardinalityString>
<targetEntity>8054966E-4EBE-BFAF-E1C8-30E73968E9A7</targetEntity>
<transferable>true</transferable>
<deleteRule>NO ACTION</deleteRule>
</Relation>