<?xml version = '1.0' encoding = 'UTF-8'?>
<Entity class="oracle.dbtools.crest.model.design.logical.Entity" directorySegmentName="seg_0" id="0AD890A2-F54E-4511-92AA-95B113513B41" name="PROFESOR_ACADEMIA">
<createdBy>lilianatapia</createdBy>
<createdTime>2024-10-04 21:45:55 UTC</createdTime>
<ownerDesignName>EXAMEN_LILIANA_TAPIA</ownerDesignName>
<engineerTo>
<item key="8AAA074A-FB2C-27AA-1DFE-6BA8141048C8" value="true"/>
</engineerTo>
<adequatelyNormalized>NO</adequatelyNormalized>
<expectedVolumes>0</expectedVolumes>
<fwdEngineeringStrategyName>Single Table</fwdEngineeringStrategyName>
<growthPercent>0</growthPercent>
<growthType>Year</growthType>
<maxVolumes>9999999</maxVolumes>
<minVolumes>0</minVolumes>
<normalForm>Third</normalForm>
<attributes itemClass="oracle.dbtools.crest.model.design.logical.Attribute">
<Attribute name="id_profesor" id="FF44E241-0746-C291-02E3-87876240AA64">
<createdBy>lilianatapia</createdBy>
<createdTime>2024-10-04 21:46:06 UTC</createdTime>
<ownerDesignName>EXAMEN_LILIANA_TAPIA</ownerDesignName>
<engineerTo>
<item key="8AAA074A-FB2C-27AA-1DFE-6BA8141048C8" value="true"/>
</engineerTo>
<useDomainConstraints>false</useDomainConstraints>
<use>1</use>
<logicalDatatype>LOGDT011</logicalDatatype>
<ownDataTypeParameters>,,</ownDataTypeParameters>
</Attribute>
<Attribute name="id_academia" id="D4AC85A9-006F-75F5-887D-AA87D864F63B">
<createdBy>lilianatapia</createdBy>
<createdTime>2024-10-04 21:46:16 UTC</createdTime>
<ownerDesignName>EXAMEN_LILIANA_TAPIA</ownerDesignName>
<engineerTo>
<item key="8AAA074A-FB2C-27AA-1DFE-6BA8141048C8" value="true"/>
</engineerTo>
<useDomainConstraints>false</useDomainConstraints>
<use>1</use>
<logicalDatatype>LOGDT011</logicalDatatype>
<ownDataTypeParameters>,,</ownDataTypeParameters>
</Attribute>
<Attribute name="turno" id="7941725F-A821-C7F3-B92F-B8365E29CB91">
<createdBy>lilianatapia</createdBy>
<createdTime>2024-10-04 21:46:41 UTC</createdTime>
<ownerDesignName>EXAMEN_LILIANA_TAPIA</ownerDesignName>
<engineerTo>
<item key="8AAA074A-FB2C-27AA-1DFE-6BA8141048C8" value="true"/>
</engineerTo>
<useDomainConstraints>false</useDomainConstraints>
<use>1</use>
<logicalDatatype>LOGDT024</logicalDatatype>
<dataTypeSize>50 BYTE</dataTypeSize>
<ownDataTypeParameters>50 BYTE,,</ownDataTypeParameters>
</Attribute>
<Attribute name="id_academia1" id="F0596134-6F10-2549-A2B1-17BD21A2F439">
<createdBy>lilianatapia</createdBy>
<createdTime>2024-10-04 22:11:31 UTC</createdTime>
<generatorID>84C24D71-5B87-FA7E-A572-26E8FA39C617</generatorID>
<ownerDesignName>EXAMEN_LILIANA_TAPIA</ownerDesignName>
<engineerTo>
<item key="8AAA074A-FB2C-27AA-1DFE-6BA8141048C8" value="true"/>
</engineerTo>
<referedAttribute>EB917871-46A1-3AA2-3651-42B8F5A18E26</referedAttribute>
<useDomainConstraints>false</useDomainConstraints>
<use>1</use>
<logicalDatatype>LOGDT011</logicalDatatype>
<ownDataTypeParameters>,,</ownDataTypeParameters>
</Attribute>
<Attribute name="id_profesor1" id="72961A47-1E1A-FA64-54F1-42E0D042B917">
<createdBy>lilianatapia</createdBy>
<createdTime>2024-10-04 22:11:38 UTC</createdTime>
<generatorID>15588ED7-450A-D804-B1D0-C95223FC87AD</generatorID>
<ownerDesignName>EXAMEN_LILIANA_TAPIA</ownerDesignName>
<engineerTo>
<item key="8AAA074A-FB2C-27AA-1DFE-6BA8141048C8" value="true"/>
</engineerTo>
<referedAttribute>0B4111D5-4AF5-C267-7DD0-1BC3D1E6C28F</referedAttribute>
<useDomainConstraints>false</useDomainConstraints>
<use>1</use>
<logicalDatatype>LOGDT011</logicalDatatype>
<ownDataTypeParameters>,,</ownDataTypeParameters>
</Attribute>
</attributes>
<identifiers itemClass="oracle.dbtools.crest.model.design.logical.CandidateKey">
<identifier id="80B0F719-E733-7969-C835-EE55615F5BB2" name="PROFESOR_ACADEMIA PK">
<createdBy>lilianatapia</createdBy>
<createdTime>2024-10-04 21:46:13 UTC</createdTime>
<ownerDesignName>EXAMEN_LILIANA_TAPIA</ownerDesignName>
<engineerTo>
<item key="8AAA074A-FB2C-27AA-1DFE-6BA8141048C8" value="true"/>
</engineerTo>
<pk>true</pk>
<usedAttributes>
<attributeRef>FF44E241-0746-C291-02E3-87876240AA64</attributeRef>
<attributeRef>D4AC85A9-006F-75F5-887D-AA87D864F63B</attributeRef>
</usedAttributes>
</identifier>
</identifiers>
</Entity>