<?xml version = '1.0' encoding = 'UTF-8'?>
<Entity class="oracle.dbtools.crest.model.design.logical.Entity" directorySegmentName="seg_0" id="12A3173B-4077-92E1-F317-FA402DCCD0D6" name="PROFESOR">
<createdBy>lilianatapia</createdBy>
<createdTime>2024-10-03 20:53:49 UTC</createdTime>
<ownerDesignName>EXAMEN_LILIANA_TAPIA</ownerDesignName>
<engineerTo>
<item key="8AAA074A-FB2C-27AA-1DFE-6BA8141048C8" value="true"/>
</engineerTo>
<adequatelyNormalized>NO</adequatelyNormalized>
<expectedVolumes>0</expectedVolumes>
<fwdEngineeringStrategyName>Single Table</fwdEngineeringStrategyName>
<growthPercent>0</growthPercent>
<growthType>Year</growthType>
<maxVolumes>9999999</maxVolumes>
<minVolumes>0</minVolumes>
<normalForm>Third</normalForm>
<attributes itemClass="oracle.dbtools.crest.model.design.logical.Attribute">
<Attribute name="id_profesor" id="0B4111D5-4AF5-C267-7DD0-1BC3D1E6C28F">
<createdBy>lilianatapia</createdBy>
<createdTime>2024-10-03 20:53:57 UTC</createdTime>
<ownerDesignName>EXAMEN_LILIANA_TAPIA</ownerDesignName>
<engineerTo>
<item key="8AAA074A-FB2C-27AA-1DFE-6BA8141048C8" value="true"/>
</engineerTo>
<useDomainConstraints>false</useDomainConstraints>
<use>1</use>
<logicalDatatype>LOGDT011</logicalDatatype>
<ownDataTypeParameters>,,</ownDataTypeParameters>
</Attribute>
<Attribute name="nombre" id="E1479382-AB11-7E92-BE1B-76BE54E430CA">
<createdBy>lilianatapia</createdBy>
<createdTime>2024-10-03 20:54:15 UTC</createdTime>
<ownerDesignName>EXAMEN_LILIANA_TAPIA</ownerDesignName>
<engineerTo>
<item key="8AAA074A-FB2C-27AA-1DFE-6BA8141048C8" value="true"/>
</engineerTo>
<useDomainConstraints>false</useDomainConstraints>
<use>1</use>
<logicalDatatype>LOGDT024</logicalDatatype>
<dataTypeSize>50 BYTE</dataTypeSize>
<ownDataTypeParameters>50 BYTE,,</ownDataTypeParameters>
</Attribute>
<Attribute name="tipo_contrato" id="D6F1637C-40D4-5120-1E0F-FEE0D8C61702">
<createdBy>lilianatapia</createdBy>
<createdTime>2024-10-03 20:54:32 UTC</createdTime>
<ownerDesignName>EXAMEN_LILIANA_TAPIA</ownerDesignName>
<engineerTo>
<item key="8AAA074A-FB2C-27AA-1DFE-6BA8141048C8" value="true"/>
</engineerTo>
<useDomainConstraints>false</useDomainConstraints>
<use>1</use>
<logicalDatatype>LOGDT024</logicalDatatype>
<dataTypeSize>50 BYTE</dataTypeSize>
<ownDataTypeParameters>50 BYTE,,</ownDataTypeParameters>
</Attribute>
<Attribute name="turno" id="F9B9F574-B24B-A64E-1B44-C9D6002A25C4">
<createdBy>lilianatapia</createdBy>
<createdTime>2024-10-03 20:56:27 UTC</createdTime>
<ownerDesignName>EXAMEN_LILIANA_TAPIA</ownerDesignName>
<engineerTo>
<item key="8AAA074A-FB2C-27AA-1DFE-6BA8141048C8" value="true"/>
</engineerTo>
<useDomainConstraints>false</useDomainConstraints>
<use>1</use>
<logicalDatatype>LOGDT024</logicalDatatype>
<dataTypeSize>50 BYTE</dataTypeSize>
<ownDataTypeParameters>50 BYTE,,</ownDataTypeParameters>
</Attribute>
<Attribute name="sueldo" id="3A18974F-0EEC-EA6D-9180-9D2420F62C60">
<createdBy>lilianatapia</createdBy>
<createdTime>2024-10-03 20:56:41 UTC</createdTime>
<ownerDesignName>EXAMEN_LILIANA_TAPIA</ownerDesignName>
<engineerTo>
<item key="8AAA074A-FB2C-27AA-1DFE-6BA8141048C8" value="true"/>
</engineerTo>
<useDomainConstraints>false</useDomainConstraints>
<use>1</use>
<logicalDatatype>LOGDT011</logicalDatatype>
<ownDataTypeParameters>,,</ownDataTypeParameters>
</Attribute>
</attributes>
<identifiers itemClass="oracle.dbtools.crest.model.design.logical.CandidateKey">
<identifier id="F40E5CA4-3CBD-AD64-3C0F-AC217E504354" name="PROFESOR PK">
<createdBy>lilianatapia</createdBy>
<createdTime>2024-10-03 20:54:13 UTC</createdTime>
<ownerDesignName>EXAMEN_LILIANA_TAPIA</ownerDesignName>
<engineerTo>
<item key="8AAA074A-FB2C-27AA-1DFE-6BA8141048C8" value="true"/>
</engineerTo>
<pk>true</pk>
<usedAttributes>
<attributeRef>0B4111D5-4AF5-C267-7DD0-1BC3D1E6C28F</attributeRef>
</usedAttributes>
</identifier>
</identifiers>
</Entity>