<?xml version = '1.0' encoding = 'UTF-8'?>
<Entity class="oracle.dbtools.crest.model.design.logical.Entity" directorySegmentName="seg_0" id="8054966E-4EBE-BFAF-E1C8-30E73968E9A7" name="HISTORIAL_DIRECTORES">
<createdBy>lilianatapia</createdBy>
<createdTime>2024-10-04 22:58:59 UTC</createdTime>
<ownerDesignName>EXAMEN_LILIANA_TAPIA</ownerDesignName>
<engineerTo>
<item key="F08CE235-7251-8F1E-632D-E5B921E54FE0" value="true"/>
</engineerTo>
<adequatelyNormalized>NO</adequatelyNormalized>
<expectedVolumes>0</expectedVolumes>
<fwdEngineeringStrategyName>Single Table</fwdEngineeringStrategyName>
<growthPercent>0</growthPercent>
<growthType>Year</growthType>
<maxVolumes>9999999</maxVolumes>
<minVolumes>0</minVolumes>
<normalForm>Third</normalForm>
<attributes itemClass="oracle.dbtools.crest.model.design.logical.Attribute">
<Attribute name="id_historial" id="398CA54B-4847-6EE5-F61C-CF7A3833D6B8">
<createdBy>lilianatapia</createdBy>
<createdTime>2024-10-04 22:59:15 UTC</createdTime>
<ownerDesignName>EXAMEN_LILIANA_TAPIA</ownerDesignName>
<engineerTo>
<item key="F08CE235-7251-8F1E-632D-E5B921E54FE0" value="true"/>
</engineerTo>
<useDomainConstraints>false</useDomainConstraints>
<use>1</use>
<logicalDatatype>LOGDT011</logicalDatatype>
<ownDataTypeParameters>,,</ownDataTypeParameters>
</Attribute>
<Attribute name="id_director" id="61D5D463-B4F2-3453-30DF-4EB852FC1536">
<createdBy>lilianatapia</createdBy>
<createdTime>2024-10-04 22:59:33 UTC</createdTime>
<ownerDesignName>EXAMEN_LILIANA_TAPIA</ownerDesignName>
<engineerTo>
<item key="F08CE235-7251-8F1E-632D-E5B921E54FE0" value="true"/>
</engineerTo>
<useDomainConstraints>false</useDomainConstraints>
<use>1</use>
<logicalDatatype>LOGDT011</logicalDatatype>
<ownDataTypeParameters>,,</ownDataTypeParameters>
</Attribute>
<Attribute name="id_academia" id="62197241-0DF5-9738-F33C-51FD32757472">
<createdBy>lilianatapia</createdBy>
<createdTime>2024-10-04 22:59:48 UTC</createdTime>
<ownerDesignName>EXAMEN_LILIANA_TAPIA</ownerDesignName>
<engineerTo>
<item key="F08CE235-7251-8F1E-632D-E5B921E54FE0" value="true"/>
</engineerTo>
<useDomainConstraints>false</useDomainConstraints>
<use>1</use>
<logicalDatatype>LOGDT011</logicalDatatype>
<ownDataTypeParameters>,,</ownDataTypeParameters>
</Attribute>
<Attribute name="fecha de asignación" id="67C8F523-0A8A-65E2-474B-8154270D1D13">
<createdBy>lilianatapia</createdBy>
<createdTime>2024-10-04 23:00:06 UTC</createdTime>
<ownerDesignName>EXAMEN_LILIANA_TAPIA</ownerDesignName>
<engineerTo>
<item key="F08CE235-7251-8F1E-632D-E5B921E54FE0" value="true"/>
</engineerTo>
<useDomainConstraints>false</useDomainConstraints>
<use>1</use>
<logicalDatatype>LOGDT007</logicalDatatype>
<ownDataTypeParameters>,,</ownDataTypeParameters>
</Attribute>
<Attribute name="fecha_retiro" id="E921154F-AB0C-A743-9B32-675758285F76">
<createdBy>lilianatapia</createdBy>
<createdTime>2024-10-04 23:00:23 UTC</createdTime>
<ownerDesignName>EXAMEN_LILIANA_TAPIA</ownerDesignName>
<engineerTo>
<item key="F08CE235-7251-8F1E-632D-E5B921E54FE0" value="true"/>
</engineerTo>
<useDomainConstraints>false</useDomainConstraints>
<use>1</use>
<logicalDatatype>LOGDT007</logicalDatatype>
<ownDataTypeParameters>,,</ownDataTypeParameters>
</Attribute>
<Attribute name="id_academia1" id="D8952BDB-287C-84B4-6ACF-B7A0D8822D55">
<createdBy>lilianatapia</createdBy>
<createdTime>2024-10-04 23:09:21 UTC</createdTime>
<generatorID>51BD89EA-3D1B-9918-3E59-BB95513AC977</generatorID>
<ownerDesignName>EXAMEN_LILIANA_TAPIA</ownerDesignName>
<engineerTo>
<item key="F08CE235-7251-8F1E-632D-E5B921E54FE0" value="true"/>
</engineerTo>
<referedAttribute>EB917871-46A1-3AA2-3651-42B8F5A18E26</referedAttribute>
<useDomainConstraints>false</useDomainConstraints>
<use>1</use>
<logicalDatatype>LOGDT011</logicalDatatype>
<ownDataTypeParameters>,,</ownDataTypeParameters>
</Attribute>
<Attribute name="id_director1" id="F778DA79-C133-CD7F-AE2E-F24D3D118746">
<createdBy>lilianatapia</createdBy>
<createdTime>2024-10-04 23:17:06 UTC</createdTime>
<generatorID>EE14996E-3014-DE23-DD28-56907BB989AA</generatorID>
<ownerDesignName>EXAMEN_LILIANA_TAPIA</ownerDesignName>
<engineerTo>
<item key="F08CE235-7251-8F1E-632D-E5B921E54FE0" value="true"/>
</engineerTo>
<referedAttribute>1FD53935-81C5-3D70-28D1-8C363E980656</referedAttribute>
<useDomainConstraints>false</useDomainConstraints>
<use>1</use>
<logicalDatatype>LOGDT011</logicalDatatype>
<ownDataTypeParameters>,,</ownDataTypeParameters>
</Attribute>
</attributes>
<identifiers itemClass="oracle.dbtools.crest.model.design.logical.CandidateKey">
<identifier id="8838CBC4-A77D-478E-3308-51EB9940E651" name="HISTORIAL_DIRECTORES PK">
<createdBy>lilianatapia</createdBy>
<createdTime>2024-10-04 22:59:22 UTC</createdTime>
<ownerDesignName>EXAMEN_LILIANA_TAPIA</ownerDesignName>
<engineerTo>
<item key="F08CE235-7251-8F1E-632D-E5B921E54FE0" value="true"/>
</engineerTo>
<pk>true</pk>
<usedAttributes>
<attributeRef>398CA54B-4847-6EE5-F61C-CF7A3833D6B8</attributeRef>
</usedAttributes>
</identifier>
</identifiers>
</Entity>