<?xml version = '1.0' encoding = 'UTF-8'?>
<Entity class="oracle.dbtools.crest.model.design.logical.Entity" directorySegmentName="seg_0" id="8760BE60-D112-8DB6-5E0E-D581D2295892" name="ACADEMIA_ARTE">
<createdBy>lilianatapia</createdBy>
<createdTime>2024-10-03 20:47:59 UTC</createdTime>
<ownerDesignName>EXAMEN_LILIANA_TAPIA</ownerDesignName>
<engineerTo>
<item key="F08CE235-7251-8F1E-632D-E5B921E54FE0" value="true"/>
</engineerTo>
<adequatelyNormalized>NO</adequatelyNormalized>
<expectedVolumes>0</expectedVolumes>
<fwdEngineeringStrategyName>Single Table</fwdEngineeringStrategyName>
<growthPercent>0</growthPercent>
<growthType>Year</growthType>
<maxVolumes>9999999</maxVolumes>
<minVolumes>0</minVolumes>
<normalForm>Third</normalForm>
<attributes itemClass="oracle.dbtools.crest.model.design.logical.Attribute">
<Attribute name="id_academia" id="EB917871-46A1-3AA2-3651-42B8F5A18E26">
<createdBy>lilianatapia</createdBy>
<createdTime>2024-10-03 20:48:16 UTC</createdTime>
<ownerDesignName>EXAMEN_LILIANA_TAPIA</ownerDesignName>
<engineerTo>
<item key="F08CE235-7251-8F1E-632D-E5B921E54FE0" value="true"/>
</engineerTo>
<useDomainConstraints>false</useDomainConstraints>
<use>1</use>
<logicalDatatype>LOGDT011</logicalDatatype>
<ownDataTypeParameters>,,</ownDataTypeParameters>
</Attribute>
<Attribute name="nombre" id="64FD401F-3718-B091-0796-E415DC54ABA5">
<createdBy>lilianatapia</createdBy>
<createdTime>2024-10-03 20:48:31 UTC</createdTime>
<ownerDesignName>EXAMEN_LILIANA_TAPIA</ownerDesignName>
<engineerTo>
<item key="F08CE235-7251-8F1E-632D-E5B921E54FE0" value="true"/>
</engineerTo>
<useDomainConstraints>false</useDomainConstraints>
<use>1</use>
<logicalDatatype>LOGDT024</logicalDatatype>
<dataTypeSize>50 BYTE</dataTypeSize>
<ownDataTypeParameters>50 BYTE,,</ownDataTypeParameters>
</Attribute>
<Attribute name="direccion" id="4359C303-7458-6F53-7948-EB8CC72B1F6C">
<createdBy>lilianatapia</createdBy>
<createdTime>2024-10-03 20:49:03 UTC</createdTime>
<ownerDesignName>EXAMEN_LILIANA_TAPIA</ownerDesignName>
<engineerTo>
<item key="F08CE235-7251-8F1E-632D-E5B921E54FE0" value="true"/>
</engineerTo>
<useDomainConstraints>false</useDomainConstraints>
<use>1</use>
<logicalDatatype>LOGDT024</logicalDatatype>
<dataTypeSize>150 BYTE</dataTypeSize>
<ownDataTypeParameters>150 BYTE,,</ownDataTypeParameters>
</Attribute>
<Attribute name="rut" id="DC56FF82-7159-0526-B0E9-9C1A702FD656">
<createdBy>lilianatapia</createdBy>
<createdTime>2024-10-03 20:49:18 UTC</createdTime>
<ownerDesignName>EXAMEN_LILIANA_TAPIA</ownerDesignName>
<engineerTo>
<item key="F08CE235-7251-8F1E-632D-E5B921E54FE0" value="true"/>
</engineerTo>
<useDomainConstraints>false</useDomainConstraints>
<use>1</use>
<logicalDatatype>LOGDT024</logicalDatatype>
<dataTypeSize>15 BYTE</dataTypeSize>
<ownDataTypeParameters>15 BYTE,,</ownDataTypeParameters>
</Attribute>
<Attribute name="cant_profe" id="E7F6C5C0-3D87-D3BB-EF3E-3701638F0EBF">
<createdBy>lilianatapia</createdBy>
<createdTime>2024-10-03 20:50:39 UTC</createdTime>
<ownerDesignName>EXAMEN_LILIANA_TAPIA</ownerDesignName>
<engineerTo>
<item key="F08CE235-7251-8F1E-632D-E5B921E54FE0" value="true"/>
</engineerTo>
<useDomainConstraints>false</useDomainConstraints>
<use>1</use>
<logicalDatatype>LOGDT011</logicalDatatype>
<ownDataTypeParameters>,,</ownDataTypeParameters>
</Attribute>
<Attribute name="id_municipalidad" id="BD59473D-D28F-642F-A81B-31669352D5E1">
<createdBy>lilianatapia</createdBy>
<createdTime>2024-10-03 21:46:16 UTC</createdTime>
<generatorID>ED16D6C4-DAD8-14E9-E4E4-FEB0B4D4E1EA</generatorID>
<ownerDesignName>EXAMEN_LILIANA_TAPIA</ownerDesignName>
<engineerTo>
<item key="F08CE235-7251-8F1E-632D-E5B921E54FE0" value="true"/>
</engineerTo>
<referedAttribute>389FAA86-1FB9-703D-C0BF-A67E6415F977</referedAttribute>
<useDomainConstraints>false</useDomainConstraints>
<use>1</use>
<logicalDatatype>LOGDT011</logicalDatatype>
<ownDataTypeParameters>,,</ownDataTypeParameters>
</Attribute>
<Attribute name="id_director" id="1E54B1CB-4D12-7FDA-DA90-4C1394A2218B">
<createdBy>lilianatapia</createdBy>
<createdTime>2024-10-04 21:41:19 UTC</createdTime>
<generatorID>C1F25A1E-5135-8B78-270C-4743E5810FA6</generatorID>
<ownerDesignName>EXAMEN_LILIANA_TAPIA</ownerDesignName>
<engineerTo>
<item key="F08CE235-7251-8F1E-632D-E5B921E54FE0" value="true"/>
</engineerTo>
<referedAttribute>1FD53935-81C5-3D70-28D1-8C363E980656</referedAttribute>
<useDomainConstraints>false</useDomainConstraints>
<use>1</use>
<logicalDatatype>LOGDT011</logicalDatatype>
<ownDataTypeParameters>,,</ownDataTypeParameters>
</Attribute>
<Attribute name="id_tipo_arte" id="D0B7501E-CF50-FB17-CD73-A814E6CC3728">
<createdBy>lilianatapia</createdBy>
<createdTime>2024-10-04 23:08:39 UTC</createdTime>
<generatorID>83AD4A2C-5B49-A49C-1C11-E707BF0FA44A</generatorID>
<ownerDesignName>EXAMEN_LILIANA_TAPIA</ownerDesignName>
<engineerTo>
<item key="F08CE235-7251-8F1E-632D-E5B921E54FE0" value="true"/>
</engineerTo>
<referedAttribute>C3C8BECA-8B3D-0C42-1DF7-1F78652C50DC</referedAttribute>
<useDomainConstraints>false</useDomainConstraints>
<use>1</use>
<logicalDatatype>LOGDT011</logicalDatatype>
<ownDataTypeParameters>,,</ownDataTypeParameters>
</Attribute>
</attributes>
<identifiers itemClass="oracle.dbtools.crest.model.design.logical.CandidateKey">
<identifier id="0FBE6C89-26A7-68EA-49A9-C335FAC111A2" name="ACADEMIA_ARTE PK">
<createdBy>lilianatapia</createdBy>
<createdTime>2024-10-03 20:48:28 UTC</createdTime>
<ownerDesignName>EXAMEN_LILIANA_TAPIA</ownerDesignName>
<engineerTo>
<item key="F08CE235-7251-8F1E-632D-E5B921E54FE0" value="true"/>
</engineerTo>
<pk>true</pk>
<usedAttributes>
<attributeRef>EB917871-46A1-3AA2-3651-42B8F5A18E26</attributeRef>
</usedAttributes>
</identifier>
</identifiers>
</Entity>