<?xml version = '1.0' encoding = 'UTF-8'?>
<Entity class="oracle.dbtools.crest.model.design.logical.Entity" directorySegmentName="seg_0" id="87F90ECB-D315-5763-0DF2-4FB214A7C7C0" name="MUNICIPALIDAD">
<createdBy>lilianatapia</createdBy>
<createdTime>2024-10-03 20:57:12 UTC</createdTime>
<ownerDesignName>EXAMEN_LILIANA_TAPIA</ownerDesignName>
<engineerTo>
<item key="8AAA074A-FB2C-27AA-1DFE-6BA8141048C8" value="true"/>
</engineerTo>
<adequatelyNormalized>NO</adequatelyNormalized>
<expectedVolumes>0</expectedVolumes>
<fwdEngineeringStrategyName>Single Table</fwdEngineeringStrategyName>
<growthPercent>0</growthPercent>
<growthType>Year</growthType>
<maxVolumes>9999999</maxVolumes>
<minVolumes>0</minVolumes>
<normalForm>Third</normalForm>
<attributes itemClass="oracle.dbtools.crest.model.design.logical.Attribute">
<Attribute name="id_municipalidad" id="389FAA86-1FB9-703D-C0BF-A67E6415F977">
<createdBy>lilianatapia</createdBy>
<createdTime>2024-10-03 20:57:26 UTC</createdTime>
<ownerDesignName>EXAMEN_LILIANA_TAPIA</ownerDesignName>
<engineerTo>
<item key="8AAA074A-FB2C-27AA-1DFE-6BA8141048C8" value="true"/>
</engineerTo>
<useDomainConstraints>false</useDomainConstraints>
<use>1</use>
<logicalDatatype>LOGDT011</logicalDatatype>
<ownDataTypeParameters>,,</ownDataTypeParameters>
</Attribute>
<Attribute name="nombre" id="70AF6FC0-B87A-885F-14E6-D8F7D038EB78">
<createdBy>lilianatapia</createdBy>
<createdTime>2024-10-03 20:57:45 UTC</createdTime>
<ownerDesignName>EXAMEN_LILIANA_TAPIA</ownerDesignName>
<engineerTo>
<item key="8AAA074A-FB2C-27AA-1DFE-6BA8141048C8" value="true"/>
</engineerTo>
<useDomainConstraints>false</useDomainConstraints>
<use>1</use>
<logicalDatatype>LOGDT024</logicalDatatype>
<dataTypeSize>50 BYTE</dataTypeSize>
<ownDataTypeParameters>50 BYTE,,</ownDataTypeParameters>
</Attribute>
<Attribute name="direccion" id="D8ECCBA1-C593-1369-7FE7-C7B88CE137DD">
<createdBy>lilianatapia</createdBy>
<createdTime>2024-10-03 20:58:03 UTC</createdTime>
<ownerDesignName>EXAMEN_LILIANA_TAPIA</ownerDesignName>
<engineerTo>
<item key="8AAA074A-FB2C-27AA-1DFE-6BA8141048C8" value="true"/>
</engineerTo>
<useDomainConstraints>false</useDomainConstraints>
<use>1</use>
<logicalDatatype>LOGDT024</logicalDatatype>
<dataTypeSize>150 BYTE</dataTypeSize>
<ownDataTypeParameters>150 BYTE,,</ownDataTypeParameters>
</Attribute>
<Attribute name="espacio_disponible" id="692BF6FF-B020-21EC-EA80-EB265C0FF1A0">
<createdBy>lilianatapia</createdBy>
<createdTime>2024-10-03 20:58:29 UTC</createdTime>
<ownerDesignName>EXAMEN_LILIANA_TAPIA</ownerDesignName>
<engineerTo>
<item key="8AAA074A-FB2C-27AA-1DFE-6BA8141048C8" value="true"/>
</engineerTo>
<useDomainConstraints>false</useDomainConstraints>
<use>1</use>
<logicalDatatype>LOGDT024</logicalDatatype>
<dataTypeSize>50 BYTE</dataTypeSize>
<ownDataTypeParameters>50 BYTE,,</ownDataTypeParameters>
</Attribute>
</attributes>
<identifiers itemClass="oracle.dbtools.crest.model.design.logical.CandidateKey">
<identifier id="FC8CE621-0606-2EAC-7C96-3F2460D4C15B" name="MUNICIPALIDAD PK">
<createdBy>lilianatapia</createdBy>
<createdTime>2024-10-03 20:57:41 UTC</createdTime>
<ownerDesignName>EXAMEN_LILIANA_TAPIA</ownerDesignName>
<engineerTo>
<item key="8AAA074A-FB2C-27AA-1DFE-6BA8141048C8" value="true"/>
</engineerTo>
<pk>true</pk>
<usedAttributes>
<attributeRef>389FAA86-1FB9-703D-C0BF-A67E6415F977</attributeRef>
</usedAttributes>
</identifier>
</identifiers>
</Entity>