<?xml version = '1.0' encoding = 'UTF-8'?>
<Entity class="oracle.dbtools.crest.model.design.logical.Entity" directorySegmentName="seg_0" id="E4A586A6-7EF5-8CBC-C815-C016B5C9FD09" name="DIRECTOR">
<createdBy>lilianatapia</createdBy>
<createdTime>2024-10-03 20:51:13 UTC</createdTime>
<ownerDesignName>EXAMEN_LILIANA_TAPIA</ownerDesignName>
<engineerTo>
<item key="F08CE235-7251-8F1E-632D-E5B921E54FE0" value="true"/>
</engineerTo>
<adequatelyNormalized>NO</adequatelyNormalized>
<expectedVolumes>0</expectedVolumes>
<fwdEngineeringStrategyName>Single Table</fwdEngineeringStrategyName>
<growthPercent>0</growthPercent>
<growthType>Year</growthType>
<maxVolumes>9999999</maxVolumes>
<minVolumes>0</minVolumes>
<normalForm>Third</normalForm>
<attributes itemClass="oracle.dbtools.crest.model.design.logical.Attribute">
<Attribute name="id_director" id="1FD53935-81C5-3D70-28D1-8C363E980656">
<createdBy>lilianatapia</createdBy>
<createdTime>2024-10-03 20:51:25 UTC</createdTime>
<ownerDesignName>EXAMEN_LILIANA_TAPIA</ownerDesignName>
<engineerTo>
<item key="F08CE235-7251-8F1E-632D-E5B921E54FE0" value="true"/>
</engineerTo>
<useDomainConstraints>false</useDomainConstraints>
<use>1</use>
<logicalDatatype>LOGDT011</logicalDatatype>
<ownDataTypeParameters>,,</ownDataTypeParameters>
</Attribute>
<Attribute name="nombre" id="290E82A2-7C56-4A13-0606-7923A2041013">
<createdBy>lilianatapia</createdBy>
<createdTime>2024-10-03 20:51:45 UTC</createdTime>
<ownerDesignName>EXAMEN_LILIANA_TAPIA</ownerDesignName>
<engineerTo>
<item key="F08CE235-7251-8F1E-632D-E5B921E54FE0" value="true"/>
</engineerTo>
<useDomainConstraints>false</useDomainConstraints>
<use>1</use>
<logicalDatatype>LOGDT024</logicalDatatype>
<dataTypeSize>50 BYTE</dataTypeSize>
<ownDataTypeParameters>50 BYTE,,</ownDataTypeParameters>
</Attribute>
<Attribute name="fecha_asignacion" id="4504717B-F46F-1E3C-779B-976DE2949D38">
<createdBy>lilianatapia</createdBy>
<createdTime>2024-10-03 20:53:10 UTC</createdTime>
<ownerDesignName>EXAMEN_LILIANA_TAPIA</ownerDesignName>
<engineerTo>
<item key="F08CE235-7251-8F1E-632D-E5B921E54FE0" value="true"/>
</engineerTo>
<useDomainConstraints>false</useDomainConstraints>
<use>1</use>
<logicalDatatype>LOGDT007</logicalDatatype>
<ownDataTypeParameters>,,</ownDataTypeParameters>
</Attribute>
<Attribute name="id_academia1" id="392BF8F3-F765-AE1F-1709-7620968372C2">
<createdBy>lilianatapia</createdBy>
<createdTime>2024-10-04 22:15:48 UTC</createdTime>
<generatorID>C1F25A1E-5135-8B78-270C-4743E5810FA6</generatorID>
<ownerDesignName>EXAMEN_LILIANA_TAPIA</ownerDesignName>
<engineerTo>
<item key="F08CE235-7251-8F1E-632D-E5B921E54FE0" value="true"/>
</engineerTo>
<referedAttribute>EB917871-46A1-3AA2-3651-42B8F5A18E26</referedAttribute>
<useDomainConstraints>false</useDomainConstraints>
<use>1</use>
<logicalDatatype>LOGDT011</logicalDatatype>
<ownDataTypeParameters>,,</ownDataTypeParameters>
</Attribute>
</attributes>
<identifiers itemClass="oracle.dbtools.crest.model.design.logical.CandidateKey">
<identifier id="47D4A6A4-7AB7-B684-FF9F-EC1EFC34A954" name="DIRECTOR PK">
<createdBy>lilianatapia</createdBy>
<createdTime>2024-10-03 20:51:40 UTC</createdTime>
<ownerDesignName>EXAMEN_LILIANA_TAPIA</ownerDesignName>
<engineerTo>
<item key="F08CE235-7251-8F1E-632D-E5B921E54FE0" value="true"/>
</engineerTo>
<pk>true</pk>
<usedAttributes>
<attributeRef>1FD53935-81C5-3D70-28D1-8C363E980656</attributeRef>
</usedAttributes>
</identifier>
</identifiers>
</Entity>