<?xml version = '1.0' encoding = 'UTF-8'?>
<Diagram class="oracle.dbtools.crest.swingui.logical.DPVLogical" name="Logical" id="98823D41-D05C-C293-31F7-B82BA11730DD">
<createdBy>lilianatapia</createdBy>
<modifiedBy>lilianatapia</modifiedBy>
<createdTime>2024-10-03 20:47:59 UTC</createdTime>
<autoRoute>false</autoRoute>
<boxInbox>true</boxInbox>
<showLegend>false</showLegend>
<showLabels>false</showLabels>
<showRelAttributes>true</showRelAttributes>
<gridEnabled>false</gridEnabled>
<showGrid>false</showGrid>
<diagramColor>-1</diagramColor>
<display>false</display>
<notation>1</notation>
<objectViews>
<OView class="oracle.dbtools.crest.swingui.logical.TVEntity" oid="0AD890A2-F54E-4511-92AA-95B113513B41" otype="Entity" vid="A1EB0DB7-DFE8-C14A-79ED-39CF7C71DC54">
<hideElementsInCurrentOnly>false</hideElementsInCurrentOnly>
<bounds x="835" y="128" width="166" height="112"/>
</OView>
<OView class="oracle.dbtools.crest.swingui.logical.TVEntity" oid="12A3173B-4077-92E1-F317-FA402DCCD0D6" otype="Entity" vid="ED2AFE24-C570-3A5F-2E94-6073DAB1F858">
<hideElementsInCurrentOnly>false</hideElementsInCurrentOnly>
<bounds x="1186" y="122" width="171" height="128"/>
</OView>
<OView class="oracle.dbtools.crest.swingui.logical.TVEntity" oid="8054966E-4EBE-BFAF-E1C8-30E73968E9A7" otype="Entity" vid="4909A3D0-FDC7-55D1-C58A-4CC51B1FA016">
<hideElementsInCurrentOnly>false</hideElementsInCurrentOnly>
<bounds x="48" y="355" width="208" height="118"/>
</OView>
<OView class="oracle.dbtools.crest.swingui.logical.TVEntity" oid="8760BE60-D112-8DB6-5E0E-D581D2295892" otype="Entity" vid="71FD54A7-EE4E-A7F7-502A-BF0400D5FE55">
<hideElementsInCurrentOnly>false</hideElementsInCurrentOnly>
<bounds x="427" y="176" width="206" height="131"/>
</OView>
<OView class="oracle.dbtools.crest.swingui.logical.TVEntity" oid="87F90ECB-D315-5763-0DF2-4FB214A7C7C0" otype="Entity" vid="3A7FF1AA-B2A0-F746-3472-4097CB2CBD28">
<hideElementsInCurrentOnly>false</hideElementsInCurrentOnly>
<bounds x="406" y="401" width="201" height="114"/>
</OView>
<OView class="oracle.dbtools.crest.swingui.logical.TVEntity" oid="CA4D6909-C2F7-6969-77F9-03DD99D737C7" otype="Entity" vid="2FFAA42A-400E-0A4B-8A0E-BCBF13288809">
<hideElementsInCurrentOnly>false</hideElementsInCurrentOnly>
<bounds x="459" y="24" width="132" height="66"/>
</OView>
<OView class="oracle.dbtools.crest.swingui.logical.TVEntity" oid="E4A586A6-7EF5-8CBC-C815-C016B5C9FD09" otype="Entity" vid="5E711273-4103-D895-841C-77E096675671">
<hideElementsInCurrentOnly>false</hideElementsInCurrentOnly>
<bounds x="31" y="162" width="198" height="105"/>
</OView>
</objectViews>
<connectors>
<Connector class="oracle.dbtools.crest.swingui.logical.TVRelation" oid="15588ED7-450A-D804-B1D0-C95223FC87AD" otype="Relation" vid_source="A1EB0DB7-DFE8-C14A-79ED-39CF7C71DC54" vid_target="ED2AFE24-C570-3A5F-2E94-6073DAB1F858">
<hideElementsInCurrentOnly>false</hideElementsInCurrentOnly>
<backgroundColor>-16777216</backgroundColor>
<lineWidth>1</lineWidth>
<points>
<point x="1001" y="184"/>
<point x="1186" y="184"/>
</points>
</Connector>
<Connector class="oracle.dbtools.crest.swingui.logical.TVRelation" oid="51BD89EA-3D1B-9918-3E59-BB95513AC977" otype="Relation" vid_source="71FD54A7-EE4E-A7F7-502A-BF0400D5FE55" vid_target="4909A3D0-FDC7-55D1-C58A-4CC51B1FA016">
<hideElementsInCurrentOnly>false</hideElementsInCurrentOnly>
<backgroundColor>-16777216</backgroundColor>
<lineWidth>1</lineWidth>
<points>
<point x="427" y="288"/>
<point x="256" y="366"/>
</points>
</Connector>
<Connector class="oracle.dbtools.crest.swingui.logical.TVRelation" oid="83AD4A2C-5B49-A49C-1C11-E707BF0FA44A" otype="Relation" vid_source="71FD54A7-EE4E-A7F7-502A-BF0400D5FE55" vid_target="2FFAA42A-400E-0A4B-8A0E-BCBF13288809">
<hideElementsInCurrentOnly>false</hideElementsInCurrentOnly>
<backgroundColor>-16777216</backgroundColor>
<lineWidth>1</lineWidth>
<points>
<point x="525" y="176"/>
<point x="525" y="90"/>
</points>
</Connector>
<Connector class="oracle.dbtools.crest.swingui.logical.TVRelation" oid="84C24D71-5B87-FA7E-A572-26E8FA39C617" otype="Relation" vid_source="A1EB0DB7-DFE8-C14A-79ED-39CF7C71DC54" vid_target="71FD54A7-EE4E-A7F7-502A-BF0400D5FE55">
<hideElementsInCurrentOnly>false</hideElementsInCurrentOnly>
<backgroundColor>-16777216</backgroundColor>
<lineWidth>1</lineWidth>
<points>
<point x="835" y="223"/>
<point x="633" y="223"/>
</points>
</Connector>
<Connector class="oracle.dbtools.crest.swingui.logical.TVRelation" oid="C1F25A1E-5135-8B78-270C-4743E5810FA6" otype="Relation" vid_source="71FD54A7-EE4E-A7F7-502A-BF0400D5FE55" vid_target="5E711273-4103-D895-841C-77E096675671">
<hideElementsInCurrentOnly>false</hideElementsInCurrentOnly>
<backgroundColor>-16777216</backgroundColor>
<lineWidth>1</lineWidth>
<points>
<point x="427" y="221"/>
<point x="229" y="221"/>
</points>
</Connector>
<Connector class="oracle.dbtools.crest.swingui.logical.TVRelation" oid="ED16D6C4-DAD8-14E9-E4E4-FEB0B4D4E1EA" otype="Relation" vid_source="3A7FF1AA-B2A0-F746-3472-4097CB2CBD28" vid_target="71FD54A7-EE4E-A7F7-502A-BF0400D5FE55">
<hideElementsInCurrentOnly>false</hideElementsInCurrentOnly>
<backgroundColor>-16777216</backgroundColor>
<lineWidth>1</lineWidth>
<points>
<point x="517" y="401"/>
<point x="517" y="307"/>
</points>
</Connector>
<Connector class="oracle.dbtools.crest.swingui.logical.TVRelation" oid="EE14996E-3014-DE23-DD28-56907BB989AA" otype="Relation" vid_source="5E711273-4103-D895-841C-77E096675671" vid_target="4909A3D0-FDC7-55D1-C58A-4CC51B1FA016">
<hideElementsInCurrentOnly>false</hideElementsInCurrentOnly>
<backgroundColor>-16777216</backgroundColor>
<lineWidth>1</lineWidth>
<points>
<point x="138" y="267"/>
<point x="138" y="355"/>
</points>
</Connector>
</connectors>
</Diagram>