<?xml version = '1.0' encoding = 'UTF-8'?>
<relationalModel class="oracle.dbtools.crest.model.design.relational.RelationalDesign" name="Relational_1" id="09BD812F-2391-2907-C1CA-4B70E274E1E3" mainViewID="7A11B184-21F1-70D8-31A1-040D2F6FE418">
<createdBy>lilianatapia</createdBy>
<createdTime>2024-10-04 23:17:39 UTC</createdTime>
<ownerDesignName>EXAMEN_LILIANA_TAPIA</ownerDesignName>
<shouldBeOpen>false</shouldBeOpen>
<selectedRDBMSSite>32076570-2523-435C-2E92-BF29817DFF70</selectedRDBMSSite>
</relationalModel>